occurrenceID,plotCode,area,plateNumber,subplot,treeNumber,branchNumber,vernacularName,scientificName,x,y,dbh,TH,TBCP,TBCU,TBCD,TBHP,CBP,S1_death,S2_death,S3_death
35A22E00-3657-4099-A8C0-4E8FD39DB1F2,DJ-01,核心區,15489,1,1,1,臺灣二葉松,Pinus taiwanensis,485,380,22.5,6,100,6,6,100,60,1,1,1
EADAAB73-65FF-495E-A9EA-331A56EDD5F1,DJ-01,核心區,15490,1,1,2,臺灣二葉松,Pinus taiwanensis,485,380,11.5,4,100,4,4,100,40,1,1,1
61D28ED9-E97A-4CE7-8BDE-18A429562524,DJ-01,核心區,15491,1,1,3,臺灣二葉松,Pinus taiwanensis,485,380,7.5,3.5,100,3.5,3.5,100,100,1,1,1
96C1AD97-A4F5-49FF-987C-6DEC28171274,DJ-01,核心區,15495,1,2,1,刺柏,Juniperus formosana,360,170,11.3,1.4,70,1.4,1.4,100,100,1,1,1
249071AC-2233-4035-AF8B-6B09673D4930,DJ-01,核心區,15488,2,1,1,臺灣二葉松,Pinus taiwanensis,450,540,35,8,100,8,8,100,60,1,1,1
1495CB74-ECB8-4173-B0CA-0F758BAE4684,DJ-01,核心區,15487,2,1,2,臺灣二葉松,Pinus taiwanensis,450,540,6.5,0.85,100,0.85,0.85,100,100,1,1,1
A5A52610-FB54-4147-BB85-1329B46EDE5E,DJ-01,核心區,15486,2,1,3,臺灣二葉松,Pinus taiwanensis,450,540,7.1,3.5,100,3.5,3.5,100,100,1,1,1
027F92A6-C4B5-4B34-996E-8AF5AB535E89,DJ-01,核心區,15493,2,1,4,臺灣二葉松,Pinus taiwanensis,450,540,11.5,4,100,4,4,100,100,1,1,1
FB95CA62-E23B-4F9F-A6D9-D4039BA762E3,DJ-01,核心區,15481,2,1,5,臺灣二葉松,Pinus taiwanensis,450,540,25,6,100,6,6,100,40,1,1,1
F83C9643-F2C7-4455-9925-FB8022AF7E49,DJ-01,核心區,15470,2,2,1,刺柏,Juniperus formosana,500,745,4,3,100,3,3,100,100,1,1,1
3F15AF97-316B-4AD3-B2A7-FC5FD93645FE,DJ-01,核心區,15471,2,2,2,刺柏,Juniperus formosana,500,745,3,2.5,100,2.5,2.5,100,100,1,1,1
B7B6A812-D298-426D-905F-26AC2A63F2D8,DJ-01,核心區,15458,2,3,1,玉山杜鵑,Rhododendron pseudochrysanthum,310,910,6.7,2.3,98,2.3,2.3,100,100,1,1,1
EDAE6CEF-4B07-4636-A3C8-1104B5B7CF4B,DJ-01,核心區,15462,2,4,1,臺灣二葉松,Pinus taiwanensis,250,970,9,3,100,3,3,100,100,1,1,1
D73BC865-7A86-43A5-BD7A-529776CDC618,DJ-01,核心區,15463,2,4,2,臺灣二葉松,Pinus taiwanensis,250,970,45.2,8,100,8,8,100,65,1,1,1
FC5C1A81-1324-4B37-A56A-23F0C81E156E,DJ-01,核心區,15464,2,4,3,臺灣二葉松,Pinus taiwanensis,250,970,3,1.3,100,1.3,1.3,100,100,1,1,1
D2707AB1-2DCD-4EBF-A130-5B21D80C4BBF,DJ-01,核心區,15465,2,4,4,臺灣二葉松,Pinus taiwanensis,250,970,21,3.5,100,3.5,3.5,100,60,1,1,1
E4F47C9E-9549-4CA5-90F8-8364439CB329,DJ-01,核心區,15466,2,4,5,臺灣二葉松,Pinus taiwanensis,250,970,12,3,80,2,2,66.67,100,1,1,1
FE798A1F-642F-48FD-BEA7-EF48EB3E889A,DJ-01,核心區,15467,2,4,6,臺灣二葉松,Pinus taiwanensis,250,970,10.5,2.5,90,2.5,2.5,100,100,1,1,1
FAEF1E7F-A788-42DC-95BC-C41D95A0783C,DJ-01,核心區,15441,2,5,1,臺灣二葉松,Pinus taiwanensis,70,970,7.5,5,100,5,5,100,95,1,1,1
1147BD27-38E0-4FF9-A1A8-F51132BB210C,DJ-01,核心區,15442,2,6,1,臺灣二葉松,Pinus taiwanensis,0,870,12,6,100,6,6,100,60,1,1,1
F2B865A4-C7A1-4F02-9D29-E04B8E542CD6,DJ-01,核心區,15443,2,7,1,玉山杜鵑,Rhododendron pseudochrysanthum,310,970,3.5,2.5,50,0.8,0.8,32,100,1,1,1
603C1F74-D909-4BFA-9227-97B4C4DF4A47,DJ-01,核心區,15444,2,7,2,玉山杜鵑,Rhododendron pseudochrysanthum,310,970,4,3,60,0.8,0.8,26.67,100,1,1,1
5C51E8FE-2D88-4D8F-91AC-612880183ADA,DJ-01,核心區,15440,3,1,1,刺柏,Juniperus formosana,640,950,4.5,2.5,100,2.5,2.5,100,100,1,1,1
51B83CC9-6F45-4336-BDDC-F1A8C9CCA073,DJ-01,核心區,15457,3,2,1,刺柏,Juniperus formosana,710,850,2.2,2.5,100,2.5,2.5,100,100,1,1,1
8E3F75E6-F615-489B-AA10-94EB4664303A,DJ-01,核心區,15473,3,3,1,刺柏,Juniperus formosana,590,640,4.7,3,100,3,3,100,100,1,1,1
5D50D9E6-7940-41FE-847C-6596A55C7812,DJ-01,核心區,15472,3,3,2,刺柏,Juniperus formosana,590,640,3,2,100,2,2,100,100,1,1,1
70250E2E-66CD-42DC-ADF7-9EA74F2C46F4,DJ-01,核心區,15494,3,4,1,玉山杜鵑,Rhododendron pseudochrysanthum,550,600,3.5,2.5,100,1.5,0.5,40,100,1,1,1
BB22A3DF-4B0B-4DAC-A9CB-62E92034D838,DJ-01,核心區,15482,3,5,1,刺柏,Juniperus formosana,960,530,5.2,2.5,100,2.5,2.5,100,100,1,1,1
D067D892-2FE0-40BB-9DC6-7C821BB54019,DJ-01,核心區,15483,3,5,2,刺柏,Juniperus formosana,960,530,5.7,1.7,100,1.7,1.7,100,100,1,1,1
7F441522-C4B6-4221-83A6-E4C580531909,DJ-01,核心區,15484,3,5,3,刺柏,Juniperus formosana,960,530,8.2,3,100,3,3,100,100,1,1,1
8A340F6A-CE1B-40AC-BEE4-AB019ABA3D3D,DJ-01,核心區,15485,3,5,4,刺柏,Juniperus formosana,960,530,2.5,2,100,2,2,100,100,1,1,1
D2B64A8C-709D-41F2-939B-EA8AF0E91223,DJ-01,核心區,15492,4,1,1,臺灣二葉松,Pinus taiwanensis,650,450,12.8,7.5,100,6,6,80,90,1,1,1
561316C7-6313-4E94-903D-7BCB4EBAE679,DJ-01,核心區,15498,4,2,1,臺灣二葉松,Pinus taiwanensis,920,110,6.3,3,100,3,3,100,100,1,1,1
D1C1FAEC-2336-4A7D-9B0E-24078D4D95DE,DJ-01,核心區,15499,4,2,2,臺灣二葉松,Pinus taiwanensis,920,110,18.5,7,100,7,7,100,99,1,1,1
4820DA55-9880-4115-B284-AFDEE60B4D36,DJ-01,核心區,15497,4,3,1,刺柏,Juniperus formosana,900,0,4.6,2.2,100,2.2,2.2,100,100,1,1,1
A4EB6764-C9DB-4C27-B35A-06BEE82CC1D3,DJ-01,核心區,15496,4,3,2,刺柏,Juniperus formosana,900,0,3,1.5,100,1.5,1.5,100,100,1,1,1
D1D3AF43-16B2-4E2F-8665-4954395C7AD4,DJ-02,核心區,15455,1,1,1,臺灣二葉松,Pinus taiwanensis,270,150,43.5,12,35,3.8,1.7,22.92,30,0,0,0
4DB51A5A-25C8-4400-A76A-295DA409F8A5,DJ-02,核心區,15452,1,2,1,臺灣二葉松,Pinus taiwanensis,190,330,30,12,30,7,1.8,36.67,70,0,1,1
FB0FADCB-3C85-4757-9E01-71AF36E64B60,DJ-02,核心區,15453,1,2,2,臺灣二葉松,Pinus taiwanensis,190,330,12.5,6.5,70,4,1.5,42.31,50,1,1,1
56E2013D-407E-40E0-A17E-9FBC3E10D8F7,DJ-02,核心區,15454,1,2,3,臺灣二葉松,Pinus taiwanensis,190,330,7.7,5.5,90,3,1.3,39.09,70,1,1,1
A9041DD7-B20B-4F91-984C-615E3ECD6C0B,DJ-02,核心區,15451,1,3,1,臺灣二葉松,Pinus taiwanensis,0,0,4.5,2.5,50,0.8,1.6,48,30,1,1,1
366AD6C9-3A9A-41FD-8F39-1207EA147399,DJ-02,核心區,15450,2,1,1,玉山杜鵑,Rhododendron pseudochrysanthum,430,550,2.7,1.8,30,0.5,0.4,25,100,1,1,1
6D3B016B-DB14-44FE-8638-73195F28699E,DJ-02,核心區,15445,3,1,1,臺灣二葉松,Pinus taiwanensis,690,660,37.8,12,100,7,2.1,37.92,60,0,1,1
409C5ECA-9EE7-46D2-B5F9-B95A1C96D9A4,DJ-02,核心區,15446,3,1,1,臺灣二葉松,Pinus taiwanensis,690,660,16.2,4,100,3.5,1.6,63.75,70,1,1,1
BF7DC764-96C7-4CE4-804D-48F4D92BA2F0,DJ-02,核心區,15447,3,2,1,臺灣二葉松,Pinus taiwanensis,800,530,39.4,14,60,7,3,35.71,65,0,0,1
7B858339-A212-475F-8688-ABDBDD4220E5,DJ-02,核心區,15448,3,2,2,臺灣二葉松,Pinus taiwanensis,800,530,17,6,55,6,1.8,65,60,1,1,1
93717048-B328-4F07-A566-B56B8BD8FE97,DJ-02,核心區,15449,3,3,1,刺柏,Juniperus formosana,800,600,2.4,1.7,100,1.7,1.7,100,100,1,1,1
039086DC-46B7-446A-9E9E-2C541A3A730A,DJ-02,核心區,15435,3,4,1,玉山杜鵑,Rhododendron pseudochrysanthum,920,900,2.3,2,10,0.3,0.3,15,100,1,1,1
3BEF08E7-AC88-410E-A307-45133BFC43E0,DJ-02,核心區,15436,3,5,1,臺灣二葉松,Pinus taiwanensis,740,900,10.2,6,90,6,1.8,65,60,1,1,1
B0AB21FC-DF7F-4078-BFA6-DE44BF128BFB,DJ-02,核心區,15437,3,6,1,臺灣二葉松,Pinus taiwanensis,570,980,3.2,2.4,90,2.1,1.7,79.17,90,1,1,1
A63569DA-E00B-4137-A7E5-359A4E1DBDC3,DJ-02,核心區,15458,4,1,1,刺柏,Juniperus formosana,750,220,2.8,1.8,100,1.8,1.8,100,100,1,1,1
289F344F-8537-4E5B-9BAA-C54738111BB1,DJ-03,核心區,15434,1,1,1,臺灣二葉松,Pinus taiwanensis,130,180,12,8,100,8,8,100,100,1,1,1
D7402FAB-786F-40E2-9288-0782E787DA5E,DJ-03,核心區,15468,1,2,1,臺灣二葉松,Pinus taiwanensis,250,180,23.5,8.5,100,8.5,8.5,100,99,1,1,1
BF3ADF3A-9B38-46FD-BB0D-379F0F5B9F77,DJ-03,核心區,15469,1,2,2,臺灣二葉松,Pinus taiwanensis,250,180,5.8,4,80,3,4,87.5,100,1,1,1
FDA68399-D1F1-491B-BC9A-2A3F79BD4706,DJ-03,核心區,15474,1,3,1,臺灣二葉松,Pinus taiwanensis,280,180,33.5,9,100,9,9,100,99,1,1,1
15B31B41-EF36-4B14-BE42-5B4DC3F55CAD,DJ-03,核心區,15475,1,3,2,臺灣二葉松,Pinus taiwanensis,280,180,3,4,100,4,4,100,100,1,1,1
2EC9A166-6BCC-478B-A8BF-97C60AA00477,DJ-03,核心區,15476,1,3,3,臺灣二葉松,Pinus taiwanensis,280,180,4.5,2,100,2,2,100,100,1,1,1
751883F0-D834-4403-AB41-F9ED55BA096F,DJ-03,核心區,15429,1,4,1,刺柏,Juniperus formosana,135,100,8.8,1.2,100,1.2,1.2,100,100,1,1,1
02D0E595-E205-460A-8DFF-A382338F18AE,DJ-03,核心區,15478,3,1,1,臺灣二葉松,Pinus taiwanensis,880,850,7.7,4.5,100,4.5,4.5,100,80,1,1,1
09BF77EF-8226-41A5-A163-232AD6D588EA,DJ-03,核心區,15479,3,1,2,臺灣二葉松,Pinus taiwanensis,880,850,2.5,2,100,2,2,100,100,1,1,1
56A3BAA1-788C-4213-9E3D-32E4639CAEAE,DJ-03,核心區,15477,3,2,1,臺灣二葉松,Pinus taiwanensis,700,700,4,2.5,100,4,4,160,100,1,1,1
CA253F5A-A046-459E-8DA4-1E212A65A569,DJ-03,核心區,15461,3,3,1,臺灣二葉松,Pinus taiwanensis,790,595,2,1.9,100,1.9,1.9,100,100,1,1,1
8923103D-4F6C-4DF8-9CAB-108C0E133521,DJ-03,核心區,15459,3,4,1,臺灣二葉松,Pinus taiwanensis,700,640,25.7,8.5,100,8.5,8.5,100,100,1,1,1
F5127225-7C41-4C3E-A7BB-23036BF1D389,DJ-03,核心區,15460,3,4,2,臺灣二葉松,Pinus taiwanensis,700,640,3,2,100,2,2,100,100,1,1,1
582FBAF1-1F66-4347-9C33-58F2658448B9,DJ-03,核心區,15461,3,4,3,臺灣二葉松,Pinus taiwanensis,700,640,3,2,100,2,2,100,100,1,1,1
01E8C55A-9641-4884-A188-CDEED6E6859E,DJ-03,核心區,15438,4,1,1,臺灣二葉松,Pinus taiwanensis,850,0,8,6,50,1.6,1.6,26.67,70,1,1,1
1314B122-D022-4B55-B34D-5D406049C1AC,DJ-03,核心區,15439,4,1,2,臺灣二葉松,Pinus taiwanensis,850,0,5.8,1.9,90,1.7,1.7,89.47,95,1,1,1
79EDC8A3-7BB6-4C02-B657-9604CEB7FE59,DJ-03,核心區,15480,4,2,1,臺灣二葉松,Pinus taiwanensis,970,0,23,8,80,7.5,3,65.63,80,1,1,1
40BA5BCF-8B7C-4B75-B9B4-ECBA87D3597B,DJ-04,核心區,15422,1,1,1,臺灣二葉松,Pinus taiwanensis,270,250,27.7,9,100,6,6,66.67,70,1,1,1
282C3A49-C796-485F-9DA8-8F3B198E1144,DJ-04,核心區,15423,1,1,2,臺灣二葉松,Pinus taiwanensis,270,250,11.4,7,30,0.7,1,12.14,60,1,1,1
306F39B6-21B7-4646-BCE0-14140D48D9B3,DJ-04,核心區,15424,1,1,3,臺灣二葉松,Pinus taiwanensis,270,250,14.5,6,10,0.2,0.1,2.5,50,1,1,1
D9F5FFD1-325E-4642-B7BC-474F75D5348A,DJ-04,核心區,15425,1,1,4,臺灣二葉松,Pinus taiwanensis,270,250,7,4,40,0.2,1,15,80,1,1,1
E9A33656-03C2-4D03-9BC4-993C36572F42,DJ-04,核心區,15426,1,1,5,臺灣二葉松,Pinus taiwanensis,270,250,4,2,20,0.4,1,35,98,1,1,1
3EE73D7B-3825-452F-97D9-58B295BF7A1F,DJ-04,核心區,15427,1,1,6,臺灣二葉松,Pinus taiwanensis,270,250,4,2,60,1.2,1.2,60,80,1,1,1
33635CA3-25B8-446E-AF4D-61033E2ECC16,DJ-04,核心區,15428,1,1,7,臺灣二葉松,Pinus taiwanensis,270,250,3,2,70,1,1.8,70,99,1,1,1
692275AA-6F13-4EDC-90B3-807E7DAE87B5,DJ-04,核心區,15411,1,2,1,臺灣二葉松,Pinus taiwanensis,405,220,7.2,5,50,1.7,1.7,34,90,1,1,1
2FB55C93-1173-4EB8-BC14-7142AF9E9177,DJ-04,核心區,15418,2,1,1,臺灣二葉松,Pinus taiwanensis,40,630,19.5,11,70,5,1,27.27,60,1,1,1
8E7970CE-09B6-4501-95C8-FC34DD0819EB,DJ-04,核心區,15419,2,2,1,臺灣二葉松,Pinus taiwanensis,10,640,18,10,70,4.5,1,27.5,70,1,1,1
0316E972-34F2-4632-AFF2-C65527ED315A,DJ-04,核心區,15420,2,2,2,臺灣二葉松,Pinus taiwanensis,10,640,2.3,4.3,20,0.2,0,2.33,80,1,1,1
C6D17D35-5DE3-4E86-849D-3D972E713885,DJ-04,核心區,15421,2,3,1,刺柏,Juniperus formosana,0,630,2.5,2,50,0.4,2,60,30,1,1,1
78355A5B-EA0D-4DED-83F3-59FE7DEF2D52,DJ-04,核心區,15417,2,4,1,刺柏,Juniperus formosana,240,970,4,2,100,2,2,100,100,1,1,1
53B7E533-B4D5-49DC-805F-0A04C5C96F48,DJ-04,核心區,15431,3,1,1,臺灣二葉松,Pinus taiwanensis,510,760,36.3,13,10,0,2.5,9.62,60,1,0,1
B8DB86A0-C6A1-4685-A548-CF557DE47DC9,DJ-04,核心區,15432,3,1,2,臺灣二葉松,Pinus taiwanensis,510,760,5.3,3,40,0.2,3,53.33,100,1,1,1
E41B1F10-69F3-4530-9E3E-1CAC19D69B59,DJ-04,核心區,15433,3,1,3,臺灣二葉松,Pinus taiwanensis,510,760,13.2,7,60,2,7,64.29,70,1,1,1
BC240B43-9812-4A42-B6F2-A643D253F584,DJ-04,核心區,15430,3,2,1,刺柏,Juniperus formosana,510,720,1,1.6,5,0.05,0.05,3.13,20,1,1,1
6C25F14D-28DD-444D-9D4C-8697574566AF,DJ-04,核心區,15411,3,3,1,臺灣二葉松,Pinus taiwanensis,870,980,35.7,13,70,13,0.25,50.96,95,1,1,1
F1F98D65-732A-4EB2-8287-E82A058F3B22,DJ-04,核心區,15414,3,4,1,臺灣二葉松,Pinus taiwanensis,790,515,10.7,9,80,9,9,100,90,1,1,1
4A7D0638-208C-47A0-9BB3-2685FE6A5905,DJ-04,核心區,15413,4,1,1,臺灣二葉松,Pinus taiwanensis,800,485,3,2.5,95,2.5,2.5,100,80,1,1,1
5D1999A6-1579-4406-AF4C-61934D1166B6,DJ-04,核心區,15412,4,2,1,臺灣二葉松,Pinus taiwanensis,880,250,15.4,9,80,1.2,7,45.56,85,1,1,1
60E1AFE5-B345-4FD2-89C1-6DBA87E8E768,DJ-05,核心區,19634,1,1,1,臺灣二葉松,Pinus taiwanensis,130,70,30.5,16,100,16,16,100,100,1,1,1
46CEACD9-A99B-4DFD-977F-A5A112D5BD9D,DJ-05,核心區,19635,2,1,1,臺灣二葉松,Pinus taiwanensis,20,520,16.8,9,100,9,9,100,100,1,1,1
E6CC85C3-3F86-46DE-8E6E-40016E6EC08F,DJ-05,核心區,19636,2,2,1,臺灣二葉松,Pinus taiwanensis,340,520,8.2,9,100,9,9,100,100,1,1,1
980E96D0-4C60-4D81-849D-EF6438FF0FB3,DJ-05,核心區,19637,2,3,1,臺灣二葉松,Pinus taiwanensis,390,790,12.6,11.5,100,11.5,11.5,100,100,1,1,1
630614C0-CDBA-457B-AA7B-9E313B0616B1,DJ-05,核心區,19638,2,4,1,臺灣二葉松,Pinus taiwanensis,130,900,11.5,9,100,9,9,100,100,1,1,1
E9AF2681-454E-4F81-8220-D6FC04441AE5,DJ-05,核心區,19639,3,1,1,臺灣二葉松,Pinus taiwanensis,550,980,9,9.6,100,9.6,9.6,100,100,1,1,1
DEA81434-91F9-4E5C-8297-578A2B978A9E,DJ-05,核心區,19640,3,2,1,臺灣二葉松,Pinus taiwanensis,890,900,11.5,5.5,80,5.5,4.5,90.91,100,1,1,1
D81334F7-B906-4AA1-B759-862C575A42CB,DJ-05,核心區,19641,3,3,1,臺灣二葉松,Pinus taiwanensis,780,800,13,9,95,9,6.5,86.11,100,1,1,1
D157A455-9A85-47A3-80F2-B4A7B2C5FAC5,DJ-05,核心區,19642,3,4,1,刺柏,Juniperus formosana,900,570,8.4,4.5,100,1.5,1,27.78,100,1,1,1
BAC4F7A0-7E5C-4870-93D7-19A45F1422D3,DJ-05,核心區,19643,3,5,1,臺灣二葉松,Pinus taiwanensis,900,520,18.5,12,100,12,8,83.33,100,1,1,1
3295FDFE-A39F-4604-BE47-C588B17F3BC1,DJ-05,核心區,19644,4,1,1,臺灣二葉松,Pinus taiwanensis,390,590,37.9,13,100,11,11,84.62,100,0,1,1
91082EE8-E80C-4EB0-A294-5F3B81A63107,DJ-05,核心區,19645,4,2,1,臺灣二葉松,Pinus taiwanensis,560,15,28.5,14,100,14,6,71.43,100,1,1,1
4DD97C51-C90C-42F5-B4B7-64AE57C084FB,DJ-11,推移帶,15014,1,1,1,臺灣二葉松,Pinus taiwanensis,195,372,33.2,10.6,35,2.5,0.5,14.15,0,0,0,0
5143B48B-9E4A-49D2-BC06-6B140EE6F5B0,DJ-11,推移帶,15015,1,2,1,臺灣二葉松,Pinus taiwanensis,350,440,13.8,9.5,45,2,0.35,12.37,0,0,0,0
F2DB4B03-3348-47DD-9C83-09341F9489A8,DJ-11,推移帶,15016,2,1,1,臺灣二葉松,Pinus taiwanensis,240,500,20,11,30,3.2,0.4,16.36,30,0,0,1
0D8A9432-7B47-44A8-B2ED-F49069B42556,DJ-11,推移帶,15017,2,2,1,臺灣二葉松,Pinus taiwanensis,480,850,17.6,9.6,20,1.7,0.4,10.94,10,0,0,0
8DFD4D25-387D-4A4E-B57E-F2C31FCD7248,DJ-11,推移帶,15018,2,2,2,臺灣二葉松,Pinus taiwanensis,480,850,13.1,9.3,10,1.6,0.45,11.02,20,0,0,0
A34979EC-FAB9-4663-AEEA-0FA09924DE71,DJ-11,推移帶,15019,3,1,1,臺灣二葉松,Pinus taiwanensis,560,570,20.8,11.5,35,1.8,0.6,10.43,30,0,1,1
C30560DA-BDA7-4CE9-B179-B6D30AFF3697,DJ-11,推移帶,15020,3,2,1,臺灣二葉松,Pinus taiwanensis,710,680,16.2,10,45,2.3,0.5,14,10,0,1,1
5976B967-CBD8-4FF3-8075-BE8521A11AD8,DJ-11,推移帶,15021,3,3,1,臺灣二葉松,Pinus taiwanensis,950,975,8.6,5.4,20,1.4,0.4,16.67,60,1,1,1
3661265F-BA80-4172-961D-E9BF3471FAD0,DJ-11,推移帶,15022,3,4,1,臺灣二葉松,Pinus taiwanensis,980,720,16,5,55,2,1,30,90,0,1,1
CEF5422A-1368-4CA0-A27F-28980347E269,DJ-11,推移帶,15023,3,5,1,臺灣二葉松,Pinus taiwanensis,990,610,35.5,8.5,20,1.6,0.5,12.35,40,0,0,0
FCB2E0AD-6404-419A-A8D3-0C57F097143D,DJ-11,推移帶,15024,3,6,2,臺灣二葉松,Pinus taiwanensis,990,610,8,4.4,10,1.45,0.7,24.43,80,1,1,1
0C47BA86-588B-424E-8E7B-5D14E5D3B068,DJ-11,推移帶,15025,4,1,1,臺灣二葉松,Pinus taiwanensis,315,790,27.4,11.5,40,2.3,0.8,13.48,20,0,0,0
91C5805E-9CEB-42A6-BF73-CB2920DC7276,DJ-11,推移帶,15026,4,2,1,臺灣二葉松,Pinus taiwanensis,970,260,16.8,9.6,50,1.4,1,12.5,50,0,1,1
388DF790-1F90-4C79-B1C4-5A5BC87CFC1B,DJ-11,推移帶,15027,4,2,2,臺灣二葉松,Pinus taiwanensis,970,260,20,11,40,1.5,1.2,12.27,30,0,1,1
94D09AA5-C10F-43C1-9F7A-B7F6EA5FCD37,DJ-11,推移帶,15028,4,2,3,臺灣二葉松,Pinus taiwanensis,970,260,22.6,8,0,0.8,0.9,10.63,15,0,0,1
5C4DDC9C-19BD-4CAE-A0B8-5078711D2AD5,DJ-11,推移帶,15029,4,3,1,臺灣二葉松,Pinus taiwanensis,830,5,10.7,8.5,45,1.8,0.5,13.53,20,0,1,1
1B58D052-DB35-49CB-B5D9-40AAF01E2754,DJ-12,推移帶,15041,1,1,1,臺灣二葉松,Pinus taiwanensis,480,80,69,21,70,3.2,2.3,13.1,5,0,0,0
32787183-8011-4EAD-9AC2-CA989909134B,DJ-12,推移帶,15042,1,2,1,臺灣二葉松,Pinus taiwanensis,495,320,11,8,5,1.3,0.4,10.63,0,1,1,1
B1B4EBDE-9327-40AE-9D1B-A48923EDBBFC,DJ-12,推移帶,15043,2,1,1,臺灣二葉松,Pinus taiwanensis,495,830,36.9,16,0,0.8,0.4,3.75,5,0,0,0
E6C86B80-2B0F-4BAA-A9BD-497537F1B709,DJ-12,推移帶,15044,2,2,1,臺灣二葉松,Pinus taiwanensis,235,990,8.5,5,0,3,0.3,33,100,1,1,1
DAE0D2FB-3F4C-42D8-9E55-D586CF38F837,DJ-12,推移帶,15045,2,3,1,高山櫟,Quercus spinosa,90,970,4.6,4,0,0.6,0.6,15,100,1,1,1
1746F1C1-78D8-4E96-B646-68D882612C5F,DJ-12,推移帶,15046,2,3,2,高山櫟,Quercus spinosa,90,970,3.8,4,0,0.6,0.6,15,100,1,1,1
F14C2631-9CEE-4D10-82E9-6544737FE920,DJ-12,推移帶,15047,2,3,3,高山櫟,Quercus spinosa,90,970,3.1,3.5,0,0.6,0.6,17.14,100,1,1,1
E1011D8A-13BB-45DA-993B-DFF13DCDF100,DJ-12,推移帶,15048,2,3,4,高山櫟,Quercus spinosa,90,970,2.3,2.5,0,0.6,0.6,24,100,1,1,1
3EB5C766-9F9F-45B8-9B28-EA5A3234D6FF,DJ-12,推移帶,15049,2,3,5,高山櫟,Quercus spinosa,90,970,3.3,3.2,0,0.6,0.6,18.75,100,1,1,1
38E8B479-911B-47AE-8293-2AA0332DE5CB,DJ-12,推移帶,15050,2,3,6,高山櫟,Quercus spinosa,90,970,3.2,3.2,0,0.6,0.6,18.75,100,1,1,1
209BBB3D-421A-4BD1-B56F-DD9F8B28BD13,DJ-12,推移帶,15051,2,3,7,高山櫟,Quercus spinosa,90,970,1.9,3.2,0,0.6,0.6,18.75,100,1,1,1
3CF2E5FE-CEAB-4F68-BC5C-4863AF44E2A1,DJ-12,推移帶,15052,2,3,8,高山櫟,Quercus spinosa,90,970,7.5,4,0,0.6,0.6,15,100,1,1,1
BF2F756D-839E-42F4-8355-EB3A0E189FB1,DJ-12,推移帶,15053,4,1,1,臺灣二葉松,Pinus taiwanensis,990,320,17.5,13.5,0,0.8,1.1,7.04,0,0,0,0
355ADBA7-2DFC-4243-81E1-D35065430C62,DJ-12,推移帶,15054,4,1,1,臺灣二葉松,Pinus taiwanensis,860,125,10.1,7,0,0.4,0.3,5,100,1,0,1
2BF28799-BA1F-447C-A020-BE285ACDDB4F,DJ-13,推移帶,15055,1,1,1,臺灣二葉松,Pinus taiwanensis,390,120,38.2,13,0,0,0,0,0,0,0,0
E8364B9A-385D-4D8E-A00B-625165D93A81,DJ-13,推移帶,15056,1,1,2,臺灣二葉松,Pinus taiwanensis,390,120,36.4,12,0,0.2,0,0.83,0,0,0,0
A74D87EA-8777-4CF8-AACD-D9152B5D3D44,DJ-13,推移帶,15058,1,2,1,刺柏,Juniperus formosana,230,410,2.5,1.8,0,0.75,0.6,37.5,100,1,1,1
1BA794B4-BAD3-45B5-B329-5C0E2F1BAA57,DJ-13,推移帶,15057,1,3,1,臺灣二葉松,Pinus taiwanensis,20,310,29.9,13,0,0.9,0.45,5.19,10,0,0,0
420B9143-4E7E-44F1-9021-136DC5F2BC3E,DJ-13,推移帶,15059,2,1,1,臺灣二葉松,Pinus taiwanensis,0,800,10.5,8,55,1.5,0.9,15,100,1,1,1
7BD67B43-1B96-46A5-9D17-CD9B155B3827,DJ-13,推移帶,15060,2,2,1,臺灣二葉松,Pinus taiwanensis,5,990,27,12,60,1.2,2.4,15,20,0,0,0
E404299C-828A-4170-811A-429C1A7DDBB8,DJ-13,推移帶,15061,2,2,2,臺灣二葉松,Pinus taiwanensis,5,990,52,13,70,3.2,1,16.15,45,0,0,0
65E95E26-CA58-4516-9683-920078E159FA,DJ-13,推移帶,15062,2,3,1,紅毛杜鵑,Rhododendron rubropilosum,15,990,2.4,3.5,0,0.1,0,1.43,100,1,1,1
C97227AF-E36B-4656-BC7A-0D6AD77091B0,DJ-13,推移帶,15063,2,4,1,臺灣二葉松,Pinus taiwanensis,120,900,31.9,13.5,20,2.2,0.85,11.3,5,0,0,1
52AC512E-C4F0-457D-A4B1-49AA2CCFA9BB,DJ-13,推移帶,15064,2,5,1,臺灣馬醉木,Pieris taiwanensis,190,810,6,3,90,1.65,1.4,50.83,100,1,1,1
444E0D21-D9B3-465C-A12A-C055EB1B81FA,DJ-13,推移帶,15065,2,5,2,臺灣馬醉木,Pieris taiwanensis,190,810,5,3,100,1.5,1.6,51.67,100,1,1,1
18BE0334-4F60-425B-B85C-38D77BAACA9F,DJ-13,推移帶,15066,3,1,1,臺灣二葉松,Pinus taiwanensis,530,780,14.3,8.5,0,0.9,0.7,9.41,50,0,0,1
E19156D2-8471-4A04-8194-158F70B7C33D,DJ-13,推移帶,15067,3,1,2,臺灣二葉松,Pinus taiwanensis,530,780,9.2,7,0,0.6,0.2,5.71,50,0,0,1
BEB7A56F-B990-4549-B21E-E861A0C6B75F,DJ-13,推移帶,15068,3,1,1,臺灣二葉松,Pinus taiwanensis,790,790,11.1,7,0,1.2,0.3,10.71,50,1,1,1
19BB3E07-6259-4136-9768-3DC1ED7A9E08,DJ-13,推移帶,15069,3,2,1,臺灣二葉松,Pinus taiwanensis,870,790,14.9,8,0,1.2,0.5,10.63,30,1,0,1
64358508-CE5B-4A9E-8262-EA4EE75AB03B,DJ-13,推移帶,15070,3,3,1,臺灣二葉松,Pinus taiwanensis,865,920,35.5,11,5,1.3,0.4,7.73,30,0,0,0
A04CFC87-2293-4445-B7BB-44A680252513,DJ-13,推移帶,15071,3,4,1,臺灣二葉松,Pinus taiwanensis,1000,910,26.1,8.5,0,1,0.2,7.06,30,0,0,1
20B3E9E9-9C98-45C0-B8B1-61E530BC041B,DJ-13,推移帶,15072,3,5,1,臺灣二葉松,Pinus taiwanensis,970,790,11.5,6,0,1,0.7,14.17,100,1,1,1
A64AA1B5-7F1D-44F8-9E65-1E3109C95F60,DJ-13,推移帶,15073,3,6,1,臺灣二葉松,Pinus taiwanensis,995,780,26.4,10,10,1.4,1.2,13,50,0,0,1
F78B3A86-4277-4090-9CD7-3493CC08A08F,DJ-13,推移帶,15075,3,7,1,紅毛杜鵑,Rhododendron rubropilosum,865,650,1.3,2,0,0.6,0.7,32.5,100,1,1,1
CA055786-19B3-485D-8DCF-B53540119352,DJ-13,推移帶,15074,3,8,1,紅毛杜鵑,Rhododendron rubropilosum,1000,650,3.4,2,0,0.75,0.75,37.5,100,1,1,1
5086A56B-4795-41D4-B685-1456713C2985,DJ-13,推移帶,15076,3,9,1,臺灣二葉松,Pinus taiwanensis,890,500,10,9.5,50,1.75,0.8,13.42,70,1,1,1
B2BC7851-69F9-4902-B122-F54A2A221F77,DJ-13,推移帶,15077,3,9,2,臺灣二葉松,Pinus taiwanensis,890,500,9.4,8.5,30,1.4,5.5,40.59,55,1,1,1
6C6C1946-E0A5-409D-8877-045D17EC9FAD,DJ-13,推移帶,15078,4,1,1,臺灣二葉松,Pinus taiwanensis,1000,440,29.5,12,25,1.8,0,7.5,30,1,0,0
C47D0254-3388-4838-A189-BAC6748F3D7C,DJ-13,推移帶,15079,4,2,1,臺灣二葉松,Pinus taiwanensis,970,230,12,7.5,0,0.7,0,4.67,45,0,1,1
C978ED68-9CE8-4539-BC9F-D0B455B468E7,DJ-13,推移帶,15080,4,3,1,紅毛杜鵑,Rhododendron rubropilosum,800,410,3.2,2.5,0,0,0.1,2,100,1,1,1
A0FFC255-369B-4E46-AF07-7F412CB5AA37,DJ-13,推移帶,15081,4,4,1,紅毛杜鵑,Rhododendron rubropilosum,860,360,3,2.5,0,0,0,0,100,1,1,1
B2BD667A-429A-4EC5-A91F-B051B79AAED1,DJ-13,推移帶,15082,4,5,1,臺灣鐵杉,Tsuga chinensis var. formosana,870,220,24,9.5,0,0.9,0.4,6.84,35,0,0,1
9FE84C3E-6458-4A03-8B34-D94B72EC2293,DJ-13,推移帶,15083,4,6,1,紅毛杜鵑,Rhododendron rubropilosum,970,150,3.3,2,0,0.3,0.1,10,100,1,1,1
4BFA1D76-9699-45E0-AA7A-7BA9E33BBA74,DJ-13,推移帶,15084,4,6,2,紅毛杜鵑,Rhododendron rubropilosum,970,150,1.8,2,0,0.2,0.35,13.75,100,1,1,1
FEC9F54B-BBD2-4AF9-A9F7-4F701B4655FC,DJ-13,推移帶,15085,4,6,3,紅毛杜鵑,Rhododendron rubropilosum,970,150,2.3,2,0,0.3,0.25,13.75,100,1,1,1
9E1A490A-1C4E-4773-9BF5-529CABAEC34A,DJ-13,推移帶,15086,4,6,4,紅毛杜鵑,Rhododendron rubropilosum,970,150,1.9,2,0,0.6,1,40,100,1,1,1
65030EE5-EEDC-44EE-A362-1F9FABE79DD2,DJ-13,推移帶,15087,4,6,5,紅毛杜鵑,Rhododendron rubropilosum,970,150,1.8,1.5,0,0.65,0.3,31.67,100,1,1,1
344F60F9-C06B-44C1-A38D-C56E459AF4EB,DJ-14,推移帶,19611,1,1,1,臺灣二葉松,Pinus taiwanensis,480,420,12.5,9,0,0.6,0,3.33,50,1,1,1
5EFCD567-97C5-433B-90E6-8A9DD9FFFCDC,DJ-14,推移帶,19612,1,2,1,臺灣二葉松,Pinus taiwanensis,60,50,66,15,25,9,0.15,30.5,15,0,0,0
86A23800-955C-417B-9716-E9BAA31B9EBC,DJ-14,推移帶,19613,2,1,1,臺灣二葉松,Pinus taiwanensis,60,520,21.4,10.5,0,0.25,0.15,1.9,5,0,0,0
9578C171-7AD4-4898-8BF2-80225C0DE114,DJ-14,推移帶,19614,2,2,1,臺灣二葉松,Pinus taiwanensis,400,820,24.8,13,0,0,0,0,50,0,0,0
8EF0227B-81A2-4125-85AA-0271BBCC0FCE,DJ-14,推移帶,19615,3,1,1,高山櫟,Quercus spinosa,640,940,3,3.5,70,1,1,28.57,100,1,1,1
13B6C174-F6A4-4ADB-A090-15ED208CF476,DJ-14,推移帶,19616,3,1,2,高山櫟,Quercus spinosa,640,940,3.2,3.5,70,1,1,28.57,100,1,1,1
AAE5E4D2-F070-4618-81C1-430EC94BB58D,DJ-14,推移帶,19617,3,1,3,高山櫟,Quercus spinosa,640,940,3,3.5,70,1,1,28.57,100,1,1,1
530402BC-7069-4F62-94A0-4185E638956D,DJ-14,推移帶,19618,3,1,4,高山櫟,Quercus spinosa,640,940,3.7,3.5,70,1,1,28.57,100,1,1,1
48C56319-F177-4BC1-B4FC-5E0ABDCB4BFB,DJ-14,推移帶,19619,3,1,5,高山櫟,Quercus spinosa,640,940,2.9,3.5,70,1,1,28.57,100,1,1,1
707AE4D9-756F-4DD0-9ABA-88B2A52FD3B0,DJ-14,推移帶,19620,3,1,6,高山櫟,Quercus spinosa,640,940,2.3,3,70,1,1,33.33,100,1,1,1
CD18D5CD-5A7C-4B5F-BE73-E82315DCA710,DJ-14,推移帶,19621,3,1,7,高山櫟,Quercus spinosa,640,940,1.8,2,70,1,1,50,100,1,1,1
8BD3C7E0-5A1B-4138-BBF5-812D14D799F2,DJ-14,推移帶,19622,3,1,8,高山櫟,Quercus spinosa,640,940,2.5,3.5,70,1,1,28.57,100,1,1,1
DBE2ADA5-4474-412E-AEC2-41F09B5FEFE0,DJ-14,推移帶,19623,3,1,9,高山櫟,Quercus spinosa,640,940,2.2,3.5,70,1,1,28.57,100,1,1,1
46CA4EBB-C303-4D7D-8791-100FFF4B3185,DJ-14,推移帶,19624,3,1,10,高山櫟,Quercus spinosa,640,940,2.4,2.5,70,1,1,40,100,1,1,1
BEDD6D4A-1428-4BA6-87E1-A41642FAFEF2,DJ-14,推移帶,19625,3,1,11,高山櫟,Quercus spinosa,640,940,2,1.6,70,1,1,62.5,100,1,1,1
02602ACE-9517-439A-96E4-0A4A234F8585,DJ-14,推移帶,19626,3,1,12,高山櫟,Quercus spinosa,640,940,2,1.8,70,1,1,55.56,100,1,1,1
FB25E94A-2E3E-4E4F-BD27-58C8E58A9BCA,DJ-14,推移帶,19627,3,1,13,高山櫟,Quercus spinosa,640,940,2.2,2.5,70,1,1,40,100,1,1,1
405F0D3E-4AEA-4859-A0B4-879BFF1A6308,DJ-14,推移帶,19628,3,1,14,高山櫟,Quercus spinosa,640,940,1.9,2.3,70,1,1,43.48,100,1,1,1
D8283294-16DF-4171-9F01-81457E80310B,DJ-14,推移帶,19629,3,2,1,臺灣二葉松,Pinus taiwanensis,720,940,26.7,12,0,0.9,0.6,6.25,0,0,0,1
3691EC69-676D-488C-89BE-D39D29426CE0,DJ-14,推移帶,19630,3,3,1,臺灣二葉松,Pinus taiwanensis,730,580,15.9,9.5,50,3.1,1,21.58,80,1,1,1
B1BAEC2B-0FE2-4963-B3F7-97877FDF0BA6,DJ-14,推移帶,19631,4,1,1,臺灣二葉松,Pinus taiwanensis,620,470,3.7,3.5,0,0.85,0.15,14.29,70,1,1,1
126E8E1F-36F5-45D4-AC57-79016E1128E0,DJ-14,推移帶,19632,4,2,1,臺灣二葉松,Pinus taiwanensis,970,110,73,20,35,8,0,20,5,0,0,0
59A5D14A-660C-47B5-A0C5-A5C7D4985B5F,DJ-14,推移帶,19633,4,3,1,臺灣二葉松,Pinus taiwanensis,520,2,4.5,2.5,0,0,0,0,100,1,1,1
382A3868-3D8E-4CAF-B953-DD63C8097D10,DJ-15,推移帶,19646,1,1,1,臺灣馬醉木,Pieris taiwanensis,90,110,5.3,3,0,1.3,0.35,27.5,50,0,0,0
C0B22CD4-8C61-41A3-A52E-7899AAE77E76,DJ-15,推移帶,19647,1,1,2,臺灣馬醉木,Pieris taiwanensis,90,110,3.2,2.5,0,1.3,0.35,33,50,0,0,0
4D2A409E-2729-4BE7-95D5-F2015A79613E,DJ-15,推移帶,19648,1,1,3,臺灣馬醉木,Pieris taiwanensis,90,110,3.1,3,0,1.3,0.35,27.5,40,0,0,0
FC6EE339-40BB-48FF-9F6D-DA22372BB5A4,DJ-15,推移帶,19649,1,1,4,臺灣馬醉木,Pieris taiwanensis,90,110,2.3,3,0,1.3,0.35,27.5,100,1,1,1
98452961-F092-4D94-AAC5-25EFEE1DC211,DJ-15,推移帶,19650,1,1,5,臺灣馬醉木,Pieris taiwanensis,90,110,4,3,5,1.3,0.35,27.5,100,1,1,1
89EAAED6-6258-47F0-A5BD-C7C5127E1A81,DJ-15,推移帶,19651,1,1,6,臺灣馬醉木,Pieris taiwanensis,90,110,4.2,3,0,1.3,0.35,27.5,20,0,0,0
35FF2B73-4980-4DFB-8DCA-446380496569,DJ-15,推移帶,19652,1,2,1,臺灣馬醉木,Pieris taiwanensis,130,200,2.7,2.5,0,0.5,0.25,15,100,1,0,1
32E20046-B3FE-4D5E-9D46-3AA016275237,DJ-15,推移帶,19653,1,2,2,臺灣馬醉木,Pieris taiwanensis,130,200,3,2.5,0,0.5,0.25,15,100,1,0,1
7569022A-606C-4DDB-B706-A2E1B3058D4E,DJ-15,推移帶,19654,1,3,1,刺柏,Juniperus formosana,60,450,5,3.5,0,0.5,0.5,14.29,50,1,1,1
E1218FA0-53B9-44D9-AFB6-81BC91B4DC69,DJ-15,推移帶,19655,1,3,2,刺柏,Juniperus formosana,60,450,5,3,0,0.5,0.5,16.67,50,1,1,1
8F75C78E-A694-4121-AAF8-F99D06A2720C,DJ-15,推移帶,19656,1,3,3,刺柏,Juniperus formosana,60,450,3.2,2,0,0.5,0.5,25,50,1,1,1
26159355-EAC1-43D3-BACB-96384F27DE5B,DJ-15,推移帶,19657,2,1,1,臺灣二葉松,Pinus taiwanensis,40,685,8.2,5.5,20,1.5,0.4,17.27,100,1,1,1
F1C83233-7C6F-412E-959D-D277EF95DBCC,DJ-15,推移帶,19658,2,2,1,臺灣二葉松,Pinus taiwanensis,60,750,36,13,10,1.8,0.8,10,0,0,0,0
2D859C67-0610-45BC-A88E-DB80C659E88E,DJ-15,推移帶,19659,2,2,2,臺灣二葉松,Pinus taiwanensis,60,750,20,9,25,1.3,1.1,13.33,5,0,0,0
7D0092FA-4C0E-4FC5-8B02-D465F7370836,DJ-15,推移帶,19660,2,2,3,臺灣二葉松,Pinus taiwanensis,60,750,11.6,3,25,1.3,1.1,40,5,1,1,1
2958AE7A-440B-495A-9B6E-B28CAAF8E0D7,DJ-15,推移帶,19661,2,2,4,臺灣二葉松,Pinus taiwanensis,60,750,24,11,5,1.5,1,11.36,0,0,0,0
048594F6-C393-4F6B-972F-F92D9702E641,DJ-15,推移帶,19662,2,2,5,臺灣二葉松,Pinus taiwanensis,60,750,24.8,11,10,1.5,0.8,10.45,0,0,0,0
AD24EBF5-9301-4267-A5AF-BF3A85A385E8,DJ-15,推移帶,19663,2,2,6,臺灣二葉松,Pinus taiwanensis,60,750,30.2,14,30,1.75,1.1,10.18,0,0,0,0
1CFDC57E-ECAE-4290-98EB-F88D150024D5,DJ-15,推移帶,19664,2,2,7,臺灣二葉松,Pinus taiwanensis,60,750,25.3,13.5,20,1.5,0.9,8.89,0,0,0,0
226603E5-E0F7-407B-8D2D-D03554599EE9,DJ-15,推移帶,19665,2,2,8,臺灣二葉松,Pinus taiwanensis,60,750,17,7,0,1.2,1,15.71,35,0,0,0
FB6E00F7-ED58-4E8E-8D3F-C0F7C6C27716,DJ-15,推移帶,19666,2,3,1,臺灣二葉松,Pinus taiwanensis,50,970,10.5,8.5,100,3,0.9,22.94,100,1,1,1
06F5BBD9-9DD2-4C59-B8E6-AE8855176946,DJ-15,推移帶,19667,2,4,1,臺灣二葉松,Pinus taiwanensis,210,820,9.5,6,0,1.2,0.4,13.33,80,1,1,1
D0E96488-64BD-4CDA-AE54-7E19E392F21B,DJ-15,推移帶,19668,2,4,2,臺灣二葉松,Pinus taiwanensis,210,820,8,5,0,1,1.4,24,45,1,1,1
C3BF1010-FE4D-47AA-8D89-2842938463AC,DJ-15,推移帶,19669,2,5,1,臺灣二葉松,Pinus taiwanensis,220,890,12.2,7.5,30,1,1.6,17.33,95,1,1,1
E273DC73-F9A6-413A-8D15-D2F5653CC2A6,DJ-15,推移帶,19670,2,6,1,臺灣二葉松,Pinus taiwanensis,220,930,19.8,11,0,0.5,0.05,2.5,70,0,0,0
2671BDDC-4E97-47DB-AA17-A23B130BD971,DJ-15,推移帶,19671,3,7,1,臺灣二葉松,Pinus taiwanensis,610,690,14.2,10,0,0.1,0,0.5,50,0,0,0
ED0FA08A-555D-40B3-B03A-00D6B65E9E8B,DJ-15,推移帶,19672,3,7,2,臺灣二葉松,Pinus taiwanensis,610,690,5.8,6,0,0.1,0.2,2.5,60,0,0,0
04BED79B-0AD9-45D8-BF67-BFBDF638FC7C,DJ-15,推移帶,19673,3,8,1,臺灣二葉松,Pinus taiwanensis,870,85,14.9,11.5,0,0.25,0.3,2.39,70,0,0,1
0CBB559D-3C2E-4471-A480-693A4B1A3851,DJ-15,推移帶,19674,3,9,1,臺灣二葉松,Pinus taiwanensis,970,950,5.5,7.5,0,0.15,0.25,2.67,100,1,1,1
4440FB13-313C-4FCA-87E1-632AF57E1033,DJ-15,推移帶,19675,3,10,1,臺灣二葉松,Pinus taiwanensis,940,610,32.5,12.5,0,0.15,0,0.6,15,0,0,0
A94251B0-56F6-4173-BDB4-F5AFCE76D18F,DJ-15,推移帶,19676,3,11,1,臺灣二葉松,Pinus taiwanensis,920,490,6.2,4,0,1.2,0.2,17.5,100,1,0,1
86BA0A49-9E95-4F0E-8AD5-C697CAD281C0,DJ-15,推移帶,19677,4,12,1,臺灣二葉松,Pinus taiwanensis,770,420,10.6,8,0,1,0.4,8.75,60,1,1,1
44352AA5-0AF2-40DB-B176-CC352C3C1442,DJ-15,推移帶,19678,4,13,1,臺灣二葉松,Pinus taiwanensis,650,490,7.9,9,0,0.25,0.35,3.33,50,1,1,1
1E01F85A-5814-47AC-B38F-3B57882D4269,DJ-15,推移帶,19679,4,14,1,紅毛杜鵑,Rhododendron rubropilosum,740,390,2.5,1.5,0,0.8,0.15,31.67,100,1,1,1
D106A03A-14F9-4467-9596-724EC883878B,DJ-15,推移帶,19680,4,15,1,臺灣二葉松,Pinus taiwanensis,810,130,12.8,10,0,0.5,0.6,5.5,30,0,0,0
C4353678-82AE-4B09-A1BB-C170BBEB855E,DJ-15,推移帶,19681,4,16,1,臺灣二葉松,Pinus taiwanensis,520,10,20.9,11,0,0.1,0,0.45,70,0,0,0
